"","Village","District","Latitude","Longitude","Elevation","Acres","Planting.year","Age","variety","Row.spacing..meter.","Plant.to.plant.spacing..meter.","Population.acre","Rainfed..irrigated","Irrigation.frequency","N.fert","Yield..Kgs.acre.","ID","dry_sumrain","dry_meantmax","dry_meantmin","dry_meanvpd","dry_sumsoil","wet_sumrain","wet_meantmax","wet_meantmin","wet_meanvpd","wet_sumsoil","Elevation_update","aspect"
"1","Kunjapanai","The Nilgiris",11.36357,76.93167,1058,30,1995,27,"S61","0.9 m","0.9 m",3700,"Rainfed","Nil","Urea",2800,"76.93167_11.36357",1057.5,31.375,20.2708333333333,1.35333333333333,567.7,3312.8,28.5625,20.1291666666667,0.780833333333333,1461.4,1037,91.4497202175205
"2","Kunjapanai","The Nilgiris",11.3641,76.93203,1048,1,2014,8,"S61","0.9 m","0.9 m",3700,"Rainfed","Nil","Urea",3000,"76.93203_11.3641",1057.5,31.375,20.2708333333333,1.35333333333333,567.7,3312.8,28.5625,20.1291666666667,0.780833333333333,1461.4,1029,36.6120075327806
"3","Kunjapanai","The Nilgiris",11.36647,76.93167,985,1,2005,17,"S61","0.9 m","0.9 m",3700,"Rainfed","Nil",NA,2500,"76.93167_11.36647",1057.5,31.375,20.2708333333333,1.35333333333333,567.7,3312.8,28.5625,20.1291666666667,0.780833333333333,1461.4,965,324.953016473091
"4","Kunjapanai","The Nilgiris",11.3646,76.93009,1060,2,1996,26,"S61","0.9 m","0.9 m",3700,"Rainfed","Nil",NA,2800,"76.93009_11.3646",1057.5,31.375,20.2708333333333,1.35333333333333,567.7,3312.8,28.5625,20.1291666666667,0.780833333333333,1461.4,1041,28.6148385400431
"5","Kunjapanai","The Nilgiris",11.3664,76.9302,991,1,2000,22,"S61","0.9 m","0.9 m",3700,"Rainfed","Nil","Urea",3200,"76.9302_11.3664",1057.5,31.375,20.2708333333333,1.35333333333333,567.7,3312.8,28.5625,20.1291666666667,0.780833333333333,1461.4,975,7.21791959899209
"6","Glen Burn Estate","The Nilgiris",11.363288,76.9093,1235,50,2005,17,"S61","0.9 m","0.9 m",3700,"Rainfed","Nil","Urea",4000,"76.9093_11.363288",1118.2,29.175,18.2166666666667,1.05041666666667,716.1,3759.8,26.5416666666667,18.2208333333333,0.557916666666667,2361.1,1166,325.963170581709
"7","Kodata Estate","The Nilgiris",11.4029,76.9313,1483,365,2000,22,"S61","0.9 m","0.9 m",3700,"Rainfed","Nil",NA,2800,"76.9313_11.4029",1143.7,28.1583333333333,17.2291666666667,1.01708333333333,678.8,3646.1,25.5291666666667,17.275,0.5625,2023.5,1458,225.378683298354
"8","Thambatty","The Nilgiris",11.3513,76.397,7088,0.5,1990,32,"S61","0.9 m","0.6 m",5500,"Rainfed","Nil",NA,3000,"76.397_11.3513",2382.3,31.4208333333333,21.3333333333333,1.11125,2743.4,10031.9,28.9833333333333,21.2666666666667,0.64625,6280.7,376,278.191133105073
"9","Thambatty","The Nilgiris",11.350978,76.68836,7183,1,1995,27,"S61","1.20 m","0.75 m",4500,"Rainfed","Nil",NA,2600,"76.68836_11.350978",1432.1,21.7458333333333,10.275,0.594166666666667,1612.4,5027,19.6083333333333,11.2291666666667,0.33125,4112.5,2165,290.311663857894
"10","Thambatty","The Nilgiris",11.348068,76.6889,7034,1,1985,37,"S61","0.75 m","0.75 m",5500,"Rainfed","Nil",NA,2900,"76.6889_11.348068",1432.1,21.7458333333333,10.275,0.594166666666667,1612.4,5027,19.6083333333333,11.2291666666667,0.33125,4112.5,2118,231.075911515966
"11","Thambatty","The Nilgiris",11.3447,76.6887,7124,0.5,2010,12,"S61","1.20 m","0.75 m",4500,"Rainfed","Nil",NA,3500,"76.6887_11.3447",1432.1,21.7458333333333,10.275,0.594166666666667,1612.4,5027,19.6083333333333,11.2291666666667,0.33125,4112.5,2148,314.627155388088
"12","Thambatty","The Nilgiris",11.33982,76.692843,6901,0.75,2010,12,"S61","1.20 m","0.75 m",4500,"Rainfed","Nil","Urea",4000,"76.692843_11.33982",1432.1,21.7458333333333,10.275,0.594166666666667,1612.4,5027,19.6083333333333,11.2291666666667,0.33125,4112.5,2085,7.44749343137882
"13","Thambatty","The Nilgiris",11.353725,76.68934,6984,1.5,1990,32,"S61","1.20 m","0.75 m",4500,"Rainfed","Nil","Urea",5000,"76.68934_11.353725",1432.1,21.7458333333333,10.275,0.594166666666667,1612.4,5027,19.6083333333333,11.2291666666667,0.33125,4112.5,2106,306.787539079815
"14","Thambatty","The Nilgiris",11.3512,76.68962,7144,1,1995,27,"S61","0.75 m","0.75 m",5500,"Rainfed","Nil","Urea",4000,"76.68962_11.3512",1432.1,21.7458333333333,10.275,0.594166666666667,1612.4,5027,19.6083333333333,11.2291666666667,0.33125,4112.5,2151,104.613356365723
"15","Thambatty","The Nilgiris",11.351622,76.69236,6809,1,1980,42,"S61","1.20 m","0.75 m",4500,"Rainfed","Nil",NA,2900,"76.69236_11.351622",1432.1,21.7458333333333,10.275,0.594166666666667,1612.4,5027,19.6083333333333,11.2291666666667,0.33125,4112.5,2056,38.7507149457197
"16","Thambatty","The Nilgiris",11.355,76.69462,6884,1.5,1975,47,"S61","0.9 m","0.6 m",5500,"Rainfed","Nil",NA,3000,"76.69462_11.355",1432.1,21.7458333333333,10.275,0.594166666666667,1612.4,5027,19.6083333333333,11.2291666666667,0.33125,4112.5,2060,198.660453683268
"17","Thambatty","The Nilgiris",11.3576,76.69627,6999,0.5,1985,37,"S61","0.75 m","0.75 m",5500,"Rainfed","Nil","Urea",4000,"76.69627_11.3576",1432.1,21.7458333333333,10.275,0.594166666666667,1612.4,5027,19.6083333333333,11.2291666666667,0.33125,4112.5,2108,146.752563821328
"18","Thambatty","The Nilgiris",11.35869,76.69543,7116,0.25,1980,42,"S61","1.20 m","0.75 m",4500,"Rainfed","Nil","Urea",4000,"76.69543_11.35869",1432.1,21.7458333333333,10.275,0.594166666666667,1612.4,5027,19.6083333333333,11.2291666666667,0.33125,4112.5,2137,137.229645792696
"19","Thambatty","The Nilgiris",11.356279,76.69809,6834,0.5,1980,42,"S61","1.20 m","0.75 m",4500,"Rainfed","Nil","Urea",5000,"76.69809_11.356279",1432.1,21.7458333333333,10.275,0.594166666666667,1612.4,5027,19.6083333333333,11.2291666666667,0.33125,4112.5,2063,176.589402497926
"20","Thambatty","The Nilgiris",11.3533,76.69936,6658,0.5,2000,22,"S61","0.75 m","0.75 m",5500,"Rainfed","Nil","Urea",4000,"76.69936_11.3533",1432.1,21.7458333333333,10.275,0.594166666666667,1612.4,5027,19.6083333333333,11.2291666666667,0.33125,4112.5,2004,161.339647768654
"21","Thambatty","The Nilgiris",11.3533,76.70076,6594,1,1990,32,"S61","1.20 m","0.75 m",4500,"Rainfed","Nil","Urea",4000,"76.70076_11.3533",1432.1,21.7458333333333,10.275,0.594166666666667,1612.4,5027,19.6083333333333,11.2291666666667,0.33125,4112.5,1986,134.626291294539
"22","Thambatty","The Nilgiris",11.34917,76.7018,6565,10,2010,12,"S61","1.20 m","0.75 m",4500,"Rainfed","Nil",NA,3500,"76.7018_11.34917",1432.1,21.7458333333333,10.275,0.594166666666667,1612.4,5027,19.6083333333333,11.2291666666667,0.33125,4112.5,1981,134.626709488328
"23","Thambatty","The Nilgiris",11.3477,76.7014,6587,1,1980,42,"S61","0.75 m","0.75 m",5500,"Rainfed","Nil",NA,2600,"76.7014_11.3477",1432.1,21.7458333333333,10.275,0.594166666666667,1612.4,5027,19.6083333333333,11.2291666666667,0.33125,4112.5,1984,300.635510490659
"24","Thambatty","The Nilgiris",11.35633,76.72005,6735,1,1985,37,"S61","0.9 m","0.6 m",5500,"Rainfed","Nil","Urea",4000,"76.72005_11.35633",1374,22.0041666666667,10.9541666666667,0.590833333333333,1442.6,4778.8,20.0458333333333,11.8875,0.335416666666667,3797.1,1995,354.737688887735
"25","Thambatty","The Nilgiris",11.35745,76.69974,6873,1.5,1980,42,"S61","1.20 m","0.75 m",4500,"Rainfed","Nil","Urea",3500,"76.69974_11.35745",1432.1,21.7458333333333,10.275,0.594166666666667,1612.4,5027,19.6083333333333,11.2291666666667,0.33125,4112.5,2058,103.861190312679
"26","Thambatty","The Nilgiris",11.35853,76.69888,6971,2,1990,32,"S61","1.20 m","0.75 m",4500,"Rainfed","Nil","Urea",3000,"76.69888_11.35853",1432.1,21.7458333333333,10.275,0.594166666666667,1612.4,5027,19.6083333333333,11.2291666666667,0.33125,4112.5,2088,129.437900392099
"27","Thambatty","The Nilgiris",11.35753,76.697071,6966,0.5,1990,32,"S61","1.20 m","0.75 m",4500,"Rainfed","Nil","Urea",4000,"76.697071_11.35753",1432.1,21.7458333333333,10.275,0.594166666666667,1612.4,5027,19.6083333333333,11.2291666666667,0.33125,4112.5,2102,143.855337373682
"28","Thambatty","The Nilgiris",11.3562,76.6966,6903,0.5,2010,12,"S61","1.20 m","0.75 m",4500,"Rainfed","Nil","Urea",4000,"76.6966_11.3562",1432.1,21.7458333333333,10.275,0.594166666666667,1612.4,5027,19.6083333333333,11.2291666666667,0.33125,4112.5,2079,132.891141498815
"29","Bickol","The Nilgiris",11.3234,76.704,1950,0.5,1990,32,"S61","0.9 m","0.6 m",5500,"Rainfed","Nil",NA,3000,"76.704_11.3234",1496.4,21.9291666666667,10.9791666666667,0.5775,1787.4,5421,20.075,11.975,0.339166666666667,4369,1925,285.333970391126
"30","Bickol","The Nilgiris",11.3256,76.6992,2010,1,1975,47,"S61","0.75 m","0.75 m",5500,"Rainfed","Nil","Urea",4000,"76.6992_11.3256",1496.4,21.9291666666667,10.9791666666667,0.5775,1787.4,5421,20.075,11.975,0.339166666666667,4369,1986,176.948022904646
"31","Bickol","The Nilgiris",11.3276,76.6997,2024,1,1980,42,"S61","1.20 m","0.75 m",4500,"Rainfed","Nil","Urea",3500,"76.6997_11.3276",1496.4,21.9291666666667,10.9791666666667,0.5775,1787.4,5421,20.075,11.975,0.339166666666667,4369,2005,64.21653121909
"32","Bickol","The Nilgiris",11.3284,76.7009,1976,0.5,1985,37,"S61","0.9 m","0.6 m",5500,"Rainfed","Nil",NA,3000,"76.7009_11.3284",1496.4,21.9291666666667,10.9791666666667,0.5775,1787.4,5421,20.075,11.975,0.339166666666667,4369,1959,51.7018258979308
"33","Bickol","The Nilgiris",11.3277,76.7037,1974,1,1990,32,"S61","1.20 m","0.75 m",4500,"Rainfed","Nil",NA,3000,"76.7037_11.3277",1496.4,21.9291666666667,10.9791666666667,0.5775,1787.4,5421,20.075,11.975,0.339166666666667,4369,1948,258.831969288857
"34","Bickol","The Nilgiris",11.3246,76.7054,1968,1,1980,42,"S61","1.20 m","0.75 m",4500,"Rainfed","Nil","Urea",3500,"76.7054_11.3246",1496.4,21.9291666666667,10.9791666666667,0.5775,1787.4,5421,20.075,11.975,0.339166666666667,4369,1938,240.573566611598
"35","Bickol","The Nilgiris",11.3273,76.7057,2013,1.5,2010,12,"S61","0.75 m","0.75 m",5500,"Rainfed","Nil","Urea",4000,"76.7057_11.3273",1496.4,21.9291666666667,10.9791666666667,0.5775,1787.4,5421,20.075,11.975,0.339166666666667,4369,1996,29.6091225510924
"36","Bickol","The Nilgiris",11.3295,76.7068,2013,2,1985,37,"S61","1.20 m","0.75 m",4500,"Rainfed","Nil","Urea",5000,"76.7068_11.3295",1496.4,21.9291666666667,10.9791666666667,0.5775,1787.4,5421,20.075,11.975,0.339166666666667,4369,1993,300.254985006315
"37","Bickol","The Nilgiris",11.3314,76.7049,2015,1,1995,27,"S61","1.20 m","0.75 m",4500,"Rainfed","Nil","Urea",4000,"76.7049_11.3314",1496.4,21.9291666666667,10.9791666666667,0.5775,1787.4,5421,20.075,11.975,0.339166666666667,4369,1991,203.468823747154
"38","Bickol","The Nilgiris",11.3325,76.77034,2025,8,1975,47,"clone","0.9 m","0.6 m",5500,"Rainfed","Nil","Urea",4000,"76.77034_11.3325",1407.4,22.4833333333333,12.0375,0.546666666666667,1472.7,5064.4,20.7541666666667,12.9,0.297916666666667,3691.8,1654,354.054306689547
"39","Bickol","The Nilgiris",11.3333,76.7025,2039,3,1980,42,"clone","0.75 m","0.75 m",5500,"Rainfed","Nil","Urea",3500,"76.7025_11.3333",1496.4,21.9291666666667,10.9791666666667,0.5775,1787.4,5421,20.075,11.975,0.339166666666667,4369,2014,223.757710053784
"40","Bickol","The Nilgiris",11.3349,76.7011,2046,2,1985,37,"clone","1.20 m","0.75 m",4500,"Rainfed","Nil",NA,3000,"76.7011_11.3349",1432.1,21.7458333333333,10.275,0.594166666666667,1612.4,5027,19.6083333333333,11.2291666666667,0.33125,4112.5,2023,222.003125847849
"41","Bickol","The Nilgiris",11.3245,76.7022,1976,7.5,1990,32,"clone","0.75 m","0.75 m",5500,"Rainfed","Nil","Urea",4000,"76.7022_11.3245",1496.4,21.9291666666667,10.9791666666667,0.5775,1787.4,5421,20.075,11.975,0.339166666666667,4369,1953,134.629187531724
"42","Bickol","The Nilgiris",11.3251,76.7014,2001,3,1985,37,"clone","0.9 m","0.6 m",5500,"Rainfed","Nil","Urea",4000,"76.7014_11.3251",1496.4,21.9291666666667,10.9791666666667,0.5775,1787.4,5421,20.075,11.975,0.339166666666667,4369,1978,179.999999999998
"43","Bickol","The Nilgiris",11.3233,76.7009,1966,2,1990,32,"clone","1.20 m","0.75 m",4500,"Rainfed","Nil","Urea",5000,"76.7009_11.3233",1496.4,21.9291666666667,10.9791666666667,0.5775,1787.4,5421,20.075,11.975,0.339166666666667,4369,1941,180.86623280876
"44","Bickol","The Nilgiris",11.3254,76.6989,2005,3,1980,42,"clone","1.20 m","0.75 m",4500,"Rainfed","Nil",NA,2900,"76.6989_11.3254",1496.4,21.9291666666667,10.9791666666667,0.5775,1787.4,5421,20.075,11.975,0.339166666666667,4369,1975,193.05604438932
"45","Adhikaratty","The Nilgiris",11.33215,76.700123,6484,2,1990,32,"clone","0.75 m","0.75 m",5500,"Rainfed","Nil",NA,2800,"76.700123_11.33215",1496.4,21.9291666666667,10.9791666666667,0.5775,1787.4,5421,20.075,11.975,0.339166666666667,4369,1962,246.049179497705
"46","Adhikaratty","The Nilgiris",11.33171,76.7003,6490,2,1980,42,"clone","1.20 m","0.75 m",4500,"Rainfed","Nil",NA,3000,"76.7003_11.33171",1496.4,21.9291666666667,10.9791666666667,0.5775,1787.4,5421,20.075,11.975,0.339166666666667,4369,1953,210.497439065197
"47","Adhikaratty","The Nilgiris",11.3332,76.70049,6565,3,1995,27,"clone","0.9 m","0.6 m",5500,"Rainfed","Nil","Urea",3500,"76.70049_11.3332",1496.4,21.9291666666667,10.9791666666667,0.5775,1787.4,5421,20.075,11.975,0.339166666666667,4369,1978,253.186438114232
"48","Adhikaratty","The Nilgiris",11.33408,76.70049,6615,7.5,1980,42,"clone","1.20 m","0.75 m",4500,"Rainfed","Nil","Urea",4000,"76.70049_11.33408",1432.1,21.7458333333333,10.275,0.594166666666667,1612.4,5027,19.6083333333333,11.2291666666667,0.33125,4112.5,1996,226.919271207008
"49","Adhikaratty","The Nilgiris",11.33439,76.6997,6579,3,1975,47,"clone","1.20 m","0.75 m",4500,"Rainfed","Nil","Urea",5000,"76.6997_11.33439",1432.1,21.7458333333333,10.275,0.594166666666667,1612.4,5027,19.6083333333333,11.2291666666667,0.33125,4112.5,1983,250.015182904316
"50","Adhikaratty","The Nilgiris",11.33506,76.70132,6745,2,1990,32,"clone","1.20 m","0.75 m",4500,"Rainfed","Nil","Urea",4000,"76.70132_11.33506",1432.1,21.7458333333333,10.275,0.594166666666667,1612.4,5027,19.6083333333333,11.2291666666667,0.33125,4112.5,2032,232.685592565603
"51","Adhikaratty","The Nilgiris",11.33772,76.69814,6686,3,1985,37,"clone","0.9 m","0.6 m",5500,"Rainfed","Nil","Urea",4000,"76.69814_11.33772",1432.1,21.7458333333333,10.275,0.594166666666667,1612.4,5027,19.6083333333333,11.2291666666667,0.33125,4112.5,2015,9.46466168013038
"52","Adhikaratty","The Nilgiris",11.3382,76.69687,6704,1.5,1980,42,"clone","1.20 m","0.75 m",4500,"Rainfed","Nil","Urea",3500,"76.69687_11.3382",1432.1,21.7458333333333,10.275,0.594166666666667,1612.4,5027,19.6083333333333,11.2291666666667,0.33125,4112.5,2018,78.2203400729026
"53","Adhikaratty","The Nilgiris",11.3335,76.7032,6765,3,1990,32,"clone","0.9 m","0.6 m",5500,"Rainfed","Nil",NA,2600,"76.7032_11.3335",1432.1,21.7458333333333,10.275,0.594166666666667,1612.4,5027,19.6083333333333,11.2291666666667,0.33125,4112.5,2043,174.892036821113
"54","Adhikaratty","The Nilgiris",11.3324,76.70343,6636,2,1990,32,"clone","0.75 m","0.75 m",5500,"Rainfed","Nil","Urea",4000,"76.70343_11.3324",1496.4,21.9291666666667,10.9791666666667,0.5775,1787.4,5421,20.075,11.975,0.339166666666667,4369,2000,200.801599540675
"55","Adhikaratty","The Nilgiris",11.33647,76.7009,6749,2,1990,32,"clone","1.20 m","0.75 m",4500,"Rainfed","Nil","Urea",3500,"76.7009_11.33647",1432.1,21.7458333333333,10.275,0.594166666666667,1612.4,5027,19.6083333333333,11.2291666666667,0.33125,4112.5,2034,274.702458713967
"56","Adhikaratty","The Nilgiris",11.33939,76.70041,6785,3,1970,52,"clone","0.9 m","0.6 m",5500,"Rainfed","Nil","Urea",4000,"76.70041_11.33939",1432.1,21.7458333333333,10.275,0.594166666666667,1612.4,5027,19.6083333333333,11.2291666666667,0.33125,4112.5,2045,202.885447916616
"57","Adhikaratty","The Nilgiris",11.33772,76.69815,6685,4,1970,52,"clone","1.20 m","0.75 m",4500,"Rainfed","Nil","Urea",4000,"76.69815_11.33772",1432.1,21.7458333333333,10.275,0.594166666666667,1612.4,5027,19.6083333333333,11.2291666666667,0.33125,4112.5,2015,9.46466168013038
"58","Adhikaratty","The Nilgiris",11.33786,76.69687,6727,1.5,1980,42,"clone","0.75 m","0.75 m",5500,"Rainfed","Nil","Urea",4000,"76.69687_11.33786",1432.1,21.7458333333333,10.275,0.594166666666667,1612.4,5027,19.6083333333333,11.2291666666667,0.33125,4112.5,2028,41.63791057468
"59","Adhikaratty","The Nilgiris",11.33942,76.69672,3716,3,1990,32,"clone","1.20 m","0.75 m",4500,"Rainfed","Nil",NA,3000,"76.69672_11.33942",1432.1,21.7458333333333,10.275,0.594166666666667,1612.4,5027,19.6083333333333,11.2291666666667,0.33125,4112.5,2021,250.834286120728
"60","Adhikaratty","The Nilgiris",11.33651,76.69597,6880,1,1970,52,"clone","1.20 m","0.75 m",4500,"Rainfed","Nil","Urea",4000,"76.69597_11.33651",1432.1,21.7458333333333,10.275,0.594166666666667,1612.4,5027,19.6083333333333,11.2291666666667,0.33125,4112.5,2044,199.77232744824
"61","Thuthurmattam","The Nilgiris",11.28799,76.7335,1542,3,1970,52,"clone","0.75 m","0.75 m",5500,"Rainfed","Nil","Urea",3500,"76.7335_11.28799",1546.1,23.7041666666667,13.425,0.635416666666667,1732.9,6022.7,21.7458333333333,13.975,0.345833333333333,4227.8,1520,89.9999999999989
"62","Thuthurmattam","The Nilgiris",11.28715,76.73342,1540,2,1990,32,"clone","0.9 m","0.6 m",5500,"Rainfed","Nil","Urea",4000,"76.73342_11.28715",1546.1,23.7041666666667,13.425,0.635416666666667,1732.9,6022.7,21.7458333333333,13.975,0.345833333333333,4227.8,1518,142.777060382247
"63","Thuthurmattam","The Nilgiris",11.28551,76.732134,1550,3,1985,37,"clone","0.75 m","0.75 m",5500,"Rainfed","Nil",NA,3000,"76.732134_11.28551",1546.1,23.7041666666667,13.425,0.635416666666667,1732.9,6022.7,21.7458333333333,13.975,0.345833333333333,4227.8,1528,87.9058741668995
"64","Thuthurmattam","The Nilgiris",11.282726,76.730622,1612,4,1990,32,"S61","1.20 m","0.75 m",4500,"Rainfed","Nil","Urea",4000,"76.730622_11.282726",1546.1,23.7041666666667,13.425,0.635416666666667,1732.9,6022.7,21.7458333333333,13.975,0.345833333333333,4227.8,1592,36.1864109033151
"65","Thuthurmattam","The Nilgiris",11.28405,76.72853,1571,2,1980,42,"clone","0.9 m","0.6 m",5500,"Rainfed","Nil",NA,3000,"76.72853_11.28405",1546.1,23.7041666666667,13.425,0.635416666666667,1732.9,6022.7,21.7458333333333,13.975,0.345833333333333,4227.8,1549,309.068376085372
"66","Thuthurmattam","The Nilgiris",11.28609,76.729509,1549,3,1970,52,"clone","1.20 m","0.75 m",4500,"Rainfed","Nil","Urea",4000,"76.729509_11.28609",1546.1,23.7041666666667,13.425,0.635416666666667,1732.9,6022.7,21.7458333333333,13.975,0.345833333333333,4227.8,1527,350.589004698538
"67","Thuthurmattam","The Nilgiris",11.29059,76.73079,1567,5,1980,42,"clone","1.20 m","0.75 m",4500,"Rainfed","Nil","Urea",4000,"76.73079_11.29059",1546.1,23.7041666666667,13.425,0.635416666666667,1732.9,6022.7,21.7458333333333,13.975,0.345833333333333,4227.8,1544,149.422718273874
"68","Thuthurmattam","The Nilgiris",11.2899,76.734014,1548,0.5,2012,10,"VP","1.20 m","0.75 m",4500,"Rainfed","Nil","Urea",5000,"76.734014_11.2899",1546.1,23.7041666666667,13.425,0.635416666666667,1732.9,6022.7,21.7458333333333,13.975,0.345833333333333,4227.8,1527,171.142733820173
"69","Thuthurmattam","The Nilgiris",11.29129,76.73576,1544,0.75,2002,20,"VP","0.9 m","0.6 m",5500,"Rainfed","Nil","Urea",4500,"76.73576_11.29129",1546.1,23.7041666666667,13.425,0.635416666666667,1732.9,6022.7,21.7458333333333,13.975,0.345833333333333,4227.8,1521,86.6763543054238
"70","Thuthurmattam","The Nilgiris",11.293674,76.735594,1554,1,1980,42,"clone","0.75 m","0.75 m",5500,"Rainfed","Nil","Urea",4000,"76.735594_11.293674",1471.6,22.4291666666667,12.0666666666667,0.547083333333333,1636.4,5481.1,20.7791666666667,12.9208333333333,0.307916666666667,4024.2,1546,116.271994522219
"71","Thuthurmattam","The Nilgiris",11.29384,76.73443,1593,2,1990,32,"clone","1.20 m","0.75 m",4500,"Rainfed","Nil","Urea",3500,"76.73443_11.29384",1471.6,22.4291666666667,12.0666666666667,0.547083333333333,1636.4,5481.1,20.7791666666667,12.9208333333333,0.307916666666667,4024.2,1573,121.762455739914
"72","Kallakorai","The Nilgiris",11.36382,76.6775,7096,2,1970,52,"VP","0.9 m","0.6 m",5500,"Rainfed","Nil","Urea",6000,"76.6775_11.36382",1432.1,21.7458333333333,10.275,0.594166666666667,1612.4,5027,19.6083333333333,11.2291666666667,0.33125,4112.5,2142,68.5738230508452
"73","Kallakorai","The Nilgiris",11.36415,76.67695,7080,1.5,1980,42,"chinese","1.20 m","0.75 m",4500,"Rainfed","Nil","Urea",4000,"76.67695_11.36415",1432.1,21.7458333333333,10.275,0.594166666666667,1612.4,5027,19.6083333333333,11.2291666666667,0.33125,4112.5,2135,325.140711889364
"74","Kallakorai","The Nilgiris",11.3602,76.6773,7380,1.25,2002,20,"VP","1.20 m","0.75 m",4500,"Rainfed","Nil","Urea",7000,"76.6773_11.3602",1432.1,21.7458333333333,10.275,0.594166666666667,1612.4,5027,19.6083333333333,11.2291666666667,0.33125,4112.5,2224,316.535414821755
"75","Kallakorai","The Nilgiris",11.3592,76.67363,7431,1.75,2002,20,"chinese","0.75 m","0.75 m",5500,"Rainfed","Nil","Urea",5000,"76.67363_11.3592",1432.1,21.7458333333333,10.275,0.594166666666667,1612.4,5027,19.6083333333333,11.2291666666667,0.33125,4112.5,2166,301.09747427948
"76","Kallakorai","The Nilgiris",11.3588,76.673,7092,2,1940,82,"chinese","1.20 m","0.75 m",4500,"Rainfed","Nil","Urea",4000,"76.673_11.3588",1432.1,21.7458333333333,10.275,0.594166666666667,1612.4,5027,19.6083333333333,11.2291666666667,0.33125,4112.5,2149,278.634361048125
"77","Kallakorai","The Nilgiris",11.35867,76.67193,7000,2,1990,32,"S61","1.20 m","0.75 m",4500,"Rainfed","Nil","Urea",4000,"76.67193_11.35867",1432.1,21.7458333333333,10.275,0.594166666666667,1612.4,5027,19.6083333333333,11.2291666666667,0.33125,4112.5,2110,284.746121889388
"78","Kallakorai","The Nilgiris",11.35846,76.6708,6879,0.5,1970,52,"VP","1.20 m","0.75 m",4500,"Rainfed","Nil","Urea",4500,"76.6708_11.35846",1432.1,21.7458333333333,10.275,0.594166666666667,1612.4,5027,19.6083333333333,11.2291666666667,0.33125,4112.5,2074,301.425502474291
"79","Kallakorai","The Nilgiris",11.3593,76.66998,6818,0.75,2002,20,"VP","0.75 m","0.75 m",5500,"Rainfed","Nil","Urea",3500,"76.66998_11.3593",1432.1,21.7458333333333,10.275,0.594166666666667,1612.4,5027,19.6083333333333,11.2291666666667,0.33125,4112.5,2051,251.788462304832
"80","Kallakorai","The Nilgiris",11.35966,76.67105,6929,1,1980,42,"clone","0.9 m","0.6 m",5500,"Rainfed","Nil","Urea",4000,"76.67105_11.35966",1432.1,21.7458333333333,10.275,0.594166666666667,1612.4,5027,19.6083333333333,11.2291666666667,0.33125,4112.5,2091,277.665560023326
"81","Kallakorai","The Nilgiris",11.359,76.67184,6996,2,1970,52,"clone","0.9 m","0.6 m",5500,"Rainfed","Nil","Urea",4000,"76.67184_11.359",1432.1,21.7458333333333,10.275,0.594166666666667,1612.4,5027,19.6083333333333,11.2291666666667,0.33125,4112.5,2110,260.200080765514
"82","Kallakorai","The Nilgiris",11.35832,76.67155,6966,0.5,1980,42,"chinese","1.20 m","0.75 m",4500,"Rainfed","Nil","Urea",3500,"76.67155_11.35832",1432.1,21.7458333333333,10.275,0.594166666666667,1612.4,5027,19.6083333333333,11.2291666666667,0.33125,4112.5,2104,298.520395325987
"83","Kallakorai","The Nilgiris",11.35886,76.67297,7119,2,1990,32,"S61","1.20 m","0.75 m",4500,"Rainfed","Nil","Urea",4000,"76.67297_11.35886",1432.1,21.7458333333333,10.275,0.594166666666667,1612.4,5027,19.6083333333333,11.2291666666667,0.33125,4112.5,2149,278.634361048125
"84","Kallakorai","The Nilgiris",11.35968,76.67108,6933,2,2002,20,"VP","1.20 m","0.75 m",4500,"Rainfed","Nil","Urea",5000,"76.67108_11.35968",1432.1,21.7458333333333,10.275,0.594166666666667,1612.4,5027,19.6083333333333,11.2291666666667,0.33125,4112.5,2091,277.665560023326
"85","Kallakorai","The Nilgiris",11.3607,76.6697,6873,1.5,1980,42,"clone","0.9 m","0.6 m",5500,"Rainfed","Nil","Urea",4500,"76.6697_11.3607",1432.1,21.7458333333333,10.275,0.594166666666667,1612.4,5027,19.6083333333333,11.2291666666667,0.33125,4112.5,2075,161.339191110883
"86","Kallakorai","The Nilgiris",11.3618,76.672,6998,1.5,1970,52,"clone","0.75 m","0.75 m",5500,"Rainfed","Nil","Urea",4000,"76.672_11.3618",1432.1,21.7458333333333,10.275,0.594166666666667,1612.4,5027,19.6083333333333,11.2291666666667,0.33125,4112.5,2110,261.025866133589
"87","Kallakorai","The Nilgiris",11.361318,76.673191,6995,1,1990,32,"VP","1.20 m","0.75 m",4500,"Rainfed","Nil","Urea",4000,"76.673191_11.361318",1432.1,21.7458333333333,10.275,0.594166666666667,1612.4,5027,19.6083333333333,11.2291666666667,0.33125,4112.5,2112,47.7103790208286
"88","Kallakorai","The Nilgiris",11.36196,76.67316,6954,1,1970,52,"clone","0.9 m","0.6 m",5500,"Rainfed","Nil","Urea",4000,"76.67316_11.36196",1432.1,21.7458333333333,10.275,0.594166666666667,1612.4,5027,19.6083333333333,11.2291666666667,0.33125,4112.5,2102,72.249546969604
"89","Kallakorai","The Nilgiris",11.36102,76.67298,7025,1,1980,42,"S61","1.20 m","0.75 m",4500,"Rainfed","Nil","Urea",3500,"76.67298_11.36102",1432.1,21.7458333333333,10.275,0.594166666666667,1612.4,5027,19.6083333333333,11.2291666666667,0.33125,4112.5,2118,41.9038132376724
"90","Kallakorai","The Nilgiris",11.36014,76.6737,7110,2,1973,49,"S61","1.20 m","0.75 m",4500,"Rainfed","Nil","Urea",4000,"76.6737_11.36014",1432.1,21.7458333333333,10.275,0.594166666666667,1612.4,5027,19.6083333333333,11.2291666666667,0.33125,4112.5,2137,312.966081580995
"91","Kallakorai","The Nilgiris",11.35937,76.67425,7249,1,1970,52,"VP","0.9 m","0.6 m",5500,"Rainfed","Nil","Urea",4000,"76.67425_11.35937",1432.1,21.7458333333333,10.275,0.594166666666667,1612.4,5027,19.6083333333333,11.2291666666667,0.33125,4112.5,2182,295.587451818145
"92","Kallakorai","The Nilgiris",11.3606,76.6746,7088,1.5,2012,10,"VP","0.75 m","0.75 m",5500,"Rainfed","Nil","Urea",3500,"76.6746_11.3606",1432.1,21.7458333333333,10.275,0.594166666666667,1612.4,5027,19.6083333333333,11.2291666666667,0.33125,4112.5,2154,341.339208029826
"93","Kallakorai","The Nilgiris",11.35921,76.674,7227,0.5,1980,42,"chinese","1.20 m","0.75 m",4500,"Rainfed","Nil","Urea",4500,"76.674_11.35921",1432.1,21.7458333333333,10.275,0.594166666666667,1612.4,5027,19.6083333333333,11.2291666666667,0.33125,4112.5,2175,296.266783177817
"94","Kallakorai","The Nilgiris",11.359,76.67411,7249,1,2002,20,"VP","1.20 m","0.75 m",4500,"Rainfed","Nil","Urea",4000,"76.67411_11.359",1432.1,21.7458333333333,10.275,0.594166666666667,1612.4,5027,19.6083333333333,11.2291666666667,0.33125,4112.5,2191,295.224085596731
"95","Kallakorai","The Nilgiris",11.35898,76.67386,7216,1,1997,25,"VP","0.9 m","0.6 m",5500,"Rainfed","Nil","Urea",4000,"76.67386_11.35898",1432.1,21.7458333333333,10.275,0.594166666666667,1612.4,5027,19.6083333333333,11.2291666666667,0.33125,4112.5,2178,291.866377081644
"96","Kallakorai","The Nilgiris",11.35825,76.67364,7192,2,1970,52,"VP","0.75 m","0.75 m",5500,"Rainfed","Nil","Urea",3500,"76.67364_11.35825",1432.1,21.7458333333333,10.275,0.594166666666667,1612.4,5027,19.6083333333333,11.2291666666667,0.33125,4112.5,2181,312.207819140564
"97","Kallakorai","The Nilgiris",11.35928,76.6737109,7109,2,1985,37,"S61","1.20 m","0.75 m",4500,"Rainfed","Nil","Urea",4000,"76.6737109_11.35928",1432.1,21.7458333333333,10.275,0.594166666666667,1612.4,5027,19.6083333333333,11.2291666666667,0.33125,4112.5,2166,301.09747427948
"98","Kallakorai","The Nilgiris",11.35757,76.6737,7328,1.5,1990,32,"VP","1.20 m","0.75 m",4500,"Rainfed","Nil","Urea",4000,"76.6737_11.35757",1432.1,21.7458333333333,10.275,0.594166666666667,1612.4,5027,19.6083333333333,11.2291666666667,0.33125,4112.5,2210,307.926801574646
"99","Kallakorai","The Nilgiris",11.36227,76.66328,6895,1.5,1990,32,"chinese","0.9 m","0.6 m",5500,"Rainfed","Nil","Urea",4000,"76.66328_11.36227",1511.7,21.8625,10.4708333333333,0.6,1792.5,5505.1,19.5791666666667,11.2916666666667,0.3225,4406.7,2077,172.782184786161
"100","Kallakorai","The Nilgiris",11.36283,76.6632,6917,1,1990,32,"S61","1.20 m","0.75 m",4500,"Rainfed","Nil","Urea",3500,"76.6632_11.36283",1511.7,21.8625,10.4708333333333,0.6,1792.5,5505.1,19.5791666666667,11.2916666666667,0.3225,4406.7,2089,333.134040951889
"101","Kallakorai","The Nilgiris",11.3642,76.66292,6756,1,1960,62,"clone","1.20 m","0.75 m",4500,"Rainfed","Nil","Urea",5000,"76.66292_11.3642",1511.7,21.8625,10.4708333333333,0.6,1792.5,5505.1,19.5791666666667,11.2916666666667,0.3225,4406.7,2038,358.815468391511
"102","Kallakorai","The Nilgiris",11.36198,76.66199,6811,2,2002,20,"VP","0.9 m","0.6 m",5500,"Rainfed","Nil",NA,3000,"76.66199_11.36198",1511.7,21.8625,10.4708333333333,0.6,1792.5,5505.1,19.5791666666667,11.2916666666667,0.3225,4406.7,2051,215.147891864244
"103","Kallakorai","The Nilgiris",11.35982,76.66168,6878,1,1990,32,"VP","1.20 m","0.75 m",4500,"Rainfed","Nil","Urea",4000,"76.66168_11.35982",1511.7,21.8625,10.4708333333333,0.6,1792.5,5505.1,19.5791666666667,11.2916666666667,0.3225,4406.7,2078,15.2068114161361
"104","Kallakorai","The Nilgiris",11.35649,76.66312,6847,1,1990,32,"VP","0.75 m","0.75 m",5500,"Rainfed","Nil","Urea",3500,"76.66312_11.35649",1511.7,21.8625,10.4708333333333,0.6,1792.5,5505.1,19.5791666666667,11.2916666666667,0.3225,4406.7,2059,191.972386260667
"105","Kallakorai","The Nilgiris",11.35362,76.6619,6847,2,2002,20,"VP","0.9 m","0.6 m",5500,"Rainfed","Nil","Urea",4000,"76.6619_11.35362",1511.7,21.8625,10.4708333333333,0.6,1792.5,5505.1,19.5791666666667,11.2916666666667,0.3225,4406.7,2066,298.992014755209
"106","Kallakorai","The Nilgiris",11.35293,76.66142,6870,2,1995,27,"S61","1.20 m","0.75 m",4500,"Rainfed","Nil","Urea",4000,"76.66142_11.35293",1511.7,21.8625,10.4708333333333,0.6,1792.5,5505.1,19.5791666666667,11.2916666666667,0.3225,4406.7,2067,323.329023788985
"107","Kallakorai","The Nilgiris",11.35414,76.65923,6862,0.5,2002,20,"clone","1.20 m","0.75 m",4500,"Rainfed","Nil","Urea",4000,"76.65923_11.35414",1511.7,21.8625,10.4708333333333,0.6,1792.5,5505.1,19.5791666666667,11.2916666666667,0.3225,4406.7,2071,85.2185014249808
"108","Kallakorai","The Nilgiris",11.35486,76.659,6881,1.5,1980,42,"VP","0.9 m","0.6 m",5500,"Rainfed","Nil","Urea",5000,"76.659_11.35486",1511.7,21.8625,10.4708333333333,0.6,1792.5,5505.1,19.5791666666667,11.2916666666667,0.3225,4406.7,2080,82.8398632503867
"109","Kallakorai","The Nilgiris",11.3552,76.65876,6902,2,1970,52,"clone","0.9 m","0.6 m",5500,"Rainfed","Nil","Urea",4000,"76.65876_11.3552",1511.7,21.8625,10.4708333333333,0.6,1792.5,5505.1,19.5791666666667,11.2916666666667,0.3225,4406.7,2079,98.4217414977119
"110","Kallakorai","The Nilgiris",11.3558,76.65874,6881,2,1990,32,"clone","0.75 m","0.75 m",5500,"Rainfed","Nil","Urea",4500,"76.65874_11.3558",1511.7,21.8625,10.4708333333333,0.6,1792.5,5505.1,19.5791666666667,11.2916666666667,0.3225,4406.7,2078,63.0041027761093
"111","Kallakorai","The Nilgiris",11.35882,76.65848,7048,1,1970,52,"clone","1.20 m","0.75 m",4500,"Rainfed","Nil","Urea",4500,"76.65848_11.35882",1511.7,21.8625,10.4708333333333,0.6,1792.5,5505.1,19.5791666666667,11.2916666666667,0.3225,4406.7,2120,90.9920428491118
"112","Kallakorai","The Nilgiris",11.3599,76.66365,6715,1,1998,24,"S61","1.20 m","0.75 m",4500,"Rainfed","Nil","Urea",3500,"76.66365_11.3599",1511.7,21.8625,10.4708333333333,0.6,1792.5,5505.1,19.5791666666667,11.2916666666667,0.3225,4406.7,2020,39.2940466865147
"113","Kallakorai","The Nilgiris",11.36056,76.6625,6773,1.5,2002,20,"VP","1.20 m","0.75 m",4500,"Rainfed","Nil","Urea",4000,"76.6625_11.36056",1511.7,21.8625,10.4708333333333,0.6,1792.5,5505.1,19.5791666666667,11.2916666666667,0.3225,4406.7,2044,40.1743014779712
"114","Kallakorai","The Nilgiris",11.35778,76.663666,6879,1,1990,32,"VP","0.75 m","0.75 m",5500,"Rainfed","Nil","Urea",4000,"76.663666_11.35778",1511.7,21.8625,10.4708333333333,0.6,1792.5,5505.1,19.5791666666667,11.2916666666667,0.3225,4406.7,2078,97.5354266678887
"115","Kallakorai","The Nilgiris",11.3574,76.6642,6795,1.5,1990,32,"VP","0.9 m","0.6 m",5500,"Rainfed","Nil","Urea",5000,"76.6642_11.3574",1511.7,21.8625,10.4708333333333,0.6,1792.5,5505.1,19.5791666666667,11.2916666666667,0.3225,4406.7,2050,82.8183960102363
"116","Kallakorai","The Nilgiris",11.35652,76.6674,6773,0.5,1985,37,"S61","1.20 m","0.75 m",4500,"Rainfed","Nil","Urea",4500,"76.6674_11.35652",1432.1,21.7458333333333,10.275,0.594166666666667,1612.4,5027,19.6083333333333,11.2291666666667,0.33125,4112.5,2047,343.093745472144
"117","Kallakorai","The Nilgiris",11.3554,76.66786,6865,2,1990,32,"VP","1.20 m","0.75 m",4500,"Rainfed","Nil","Urea",4000,"76.66786_11.3554",1432.1,21.7458333333333,10.275,0.594166666666667,1612.4,5027,19.6083333333333,11.2291666666667,0.33125,4112.5,2067,278.219173870132
"118","Kallakorai","The Nilgiris",11.35487,76.66775,6865,1.25,2002,20,"VP","0.9 m","0.6 m",5500,"Rainfed","Nil","Urea",3500,"76.66775_11.35487",1432.1,21.7458333333333,10.275,0.594166666666667,1612.4,5027,19.6083333333333,11.2291666666667,0.33125,4112.5,2069,277.535499198728
"119","Kallakorai","The Nilgiris",11.3545,76.66773,6865,1.5,1990,32,"VP","1.20 m","0.75 m",4500,"Rainfed","Nil",NA,3000,"76.66773_11.3545",1432.1,21.7458333333333,10.275,0.594166666666667,1612.4,5027,19.6083333333333,11.2291666666667,0.33125,4112.5,2071,267.407597345858
"120","Kallakorai","The Nilgiris",11.3544,76.6672,6800,3,1995,27,"S61","1.20 m","0.75 m",4500,"Rainfed","Nil","Urea",3500,"76.6672_11.3544",1432.1,21.7458333333333,10.275,0.594166666666667,1612.4,5027,19.6083333333333,11.2291666666667,0.33125,4112.5,2047,258.832985548756
"121","Kallakorai","The Nilgiris",11.35345,76.66741,6826,0.5,1990,32,"VP","0.75 m","0.75 m",5500,"Rainfed","Nil","Urea",5000,"76.66741_11.35345",1432.1,21.7458333333333,10.275,0.594166666666667,1612.4,5027,19.6083333333333,11.2291666666667,0.33125,4112.5,2057,233.971895739283
"122","Kallakorai","The Nilgiris",11.35335,76.668,6883,2,1990,32,"S61","1.20 m","0.75 m",4500,"Rainfed","Nil","Urea",4000,"76.668_11.35335",1432.1,21.7458333333333,10.275,0.594166666666667,1612.4,5027,19.6083333333333,11.2291666666667,0.33125,4112.5,2075,248.589280010328
"123","Kallakorai","The Nilgiris",11.352727,76.6682,6870,2,1990,32,"VP","0.9 m","0.6 m",5500,"Rainfed","Nil","Urea",4000,"76.6682_11.352727",1432.1,21.7458333333333,10.275,0.594166666666667,1612.4,5027,19.6083333333333,11.2291666666667,0.33125,4112.5,2076,237.86636184358
"124","Kallakorai","The Nilgiris",11.35211,76.66858,6862,1.5,1970,52,"clone","1.20 m","0.75 m",4500,"Rainfed","Nil","Urea",5000,"76.66858_11.35211",1432.1,21.7458333333333,10.275,0.594166666666667,1612.4,5027,19.6083333333333,11.2291666666667,0.33125,4112.5,2072,229.23533828483
"125","Kallakorai","The Nilgiris",11.37225,76.6729,6846,2,1990,32,"clone","1.20 m","0.75 m",4500,"Rainfed","Nil","Urea",4500,"76.6729_11.37225",1432.1,21.7458333333333,10.275,0.594166666666667,1612.4,5027,19.6083333333333,11.2291666666667,0.33125,4112.5,2073,141.400434619514
"126","Kallakorai","The Nilgiris",11.37626,76.66962,6926,1.75,1970,52,"clone","1.20 m","0.75 m",4500,"Rainfed","Nil","Urea",4000,"76.66962_11.37626",1378.1,21.4833333333333,9.58333333333334,0.590833333333333,1465.2,4752.6,19.0916666666667,10.4958333333333,0.31,3844.6,2088,139.026730142333
"127","Umarkandi","The Nilgiris",11.28193,76.741585,1700,2,1990,32,"VP","0.9 m","0.6 m",5500,"Rainfed","Nil",NA,3000,"76.741585_11.28193",1546.1,23.7041666666667,13.425,0.635416666666667,1732.9,6022.7,21.7458333333333,13.975,0.345833333333333,4227.8,1679,61.6966728674531
"128","Milidhane","The Nilgiris",11.4463,76.8709,1909,10,1992,31,"VP","0.9 m","0.6 m",5500,"Rainfed","Nil","Urea",3000,"76.8709_11.4463",1215,21.6916666666667,10.6416666666667,0.523333333333333,1002.2,3668.7,19.7666666666667,11.5708333333333,0.273333333333333,2571.2,1881,264.364773297972
"129","Milidhane","The Nilgiris",11.4454,76.8718,1924,2,2001,22,"UPASI","0.75 m","0.75 m",5500,"Rainfed","Nil","Urea",4000,"76.8718_11.4454",1215,21.6916666666667,10.6416666666667,0.523333333333333,1002.2,3668.7,19.7666666666667,11.5708333333333,0.273333333333333,2571.2,1894,270.991741297821
"130","Milidhane","The Nilgiris",11.44,76.8724,2051,4,1996,27,"UPASI","0.75 m","0.75 m",5500,"Rainfed","Nil","Urea",3500,"76.8724_11.44",1215,21.6916666666667,10.6416666666667,0.523333333333333,1002.2,3668.7,19.7666666666667,11.5708333333333,0.273333333333333,2571.2,2028,220.979624522539
"131","Milidhane","The Nilgiris",11.4403,76.8729,2058,2,1983,40,"UPASI","0.9 m","0.75 m",4500,"Rainfed","Nil","Urea",4000,"76.8729_11.4403",1215,21.6916666666667,10.6416666666667,0.523333333333333,1002.2,3668.7,19.7666666666667,11.5708333333333,0.273333333333333,2571.2,2033,271.823123129311
"132","Milidhane","The Nilgiris",11.4547,76.874,1885,2.75,2005,18,"UPASI","0.75 m","0.75 m",5500,"Rainfed","Nil","Urea",3500,"76.874_11.4547",1215,21.6916666666667,10.6416666666667,0.523333333333333,1002.2,3668.7,19.7666666666667,11.5708333333333,0.273333333333333,2571.2,1859,232.161591631859
"133","Nedugula","The Nilgiris",11.47536,76.88886,1869,2,1991,32,"VP","1.20 m","0.75 m",4500,"Rainfed","Nil","Urea",4000,"76.88886_11.47536",1164.7,22.4583333333333,11.35,0.607083333333333,857.5,3358.5,20.1333333333333,11.8875,0.305416666666667,2144.2,1842,166.835196692343
"134","Kukkalthorai","The Nilgiris",11.4845,76.82691,4937,0.5,1986,37,"VP","0.9 m","0.6 m",5500,"Rainfed","Nil","Urea",2500,"76.82691_11.4845",1223.4,23.5041666666667,12.6791666666667,0.669583333333333,950.6,4054.6,20.8666666666667,12.7916666666667,0.308333333333333,2707.4,1485,343.848997329935
"135","Kukkalthorai","The Nilgiris",11.48336,76.8294,5063,0.5,2001,22,"chinese","0.6 m","0.6 m",8250,"Rainfed","Nil","Urea",3500,"76.8294_11.48336",1223.4,23.5041666666667,12.6791666666667,0.669583333333333,950.6,4054.6,20.8666666666667,12.7916666666667,0.308333333333333,2707.4,1521,298.727324822054
"136","Kukkalthorai","The Nilgiris",11.47577,76.82719,5348,3,1990,33,"UPASI","0.6 m","0.6 m",8250,"Rainfed","Nil","Urea",3000,"76.82719_11.47577",1223.4,23.5041666666667,12.6791666666667,0.669583333333333,950.6,4054.6,20.8666666666667,12.7916666666667,0.308333333333333,2707.4,1609,61.5845687426906
"137","Kukkalthorai","The Nilgiris",11.47581,76.82526,5236,3,1995,28,"VP","0.9 m","0.6 m",5500,"Rainfed","Nil","Urea",3000,"76.82526_11.47581",1223.4,23.5041666666667,12.6791666666667,0.669583333333333,950.6,4054.6,20.8666666666667,12.7916666666667,0.308333333333333,2707.4,1608,354.486304551051
"138","Kukkalthorai","The Nilgiris",11.4753,76.822,5220,2.5,2005,18,"chinese","0.6 m","0.6 m",8250,"Rainfed","Nil","Urea",4000,"76.822_11.4753",1223.4,23.5041666666667,12.6791666666667,0.669583333333333,950.6,4054.6,20.8666666666667,12.7916666666667,0.308333333333333,2707.4,1545,284.081231511679
"139","Kukkalthorai","The Nilgiris",11.477,76.82197,5021,1.5,2004,19,"UPASI","0.6 m","0.6 m",8250,"Rainfed","Nil","Urea",3500,"76.82197_11.477",1223.4,23.5041666666667,12.6791666666667,0.669583333333333,950.6,4054.6,20.8666666666667,12.7916666666667,0.308333333333333,2707.4,1511,294.276399608901
"140","Kukkalthorai","The Nilgiris",11.49067,76.82825,5032,2,1986,37,"VP","0.6 m","0.6 m",8250,"Rainfed","Nil","Urea",4000,"76.82825_11.49067",1223.4,23.5041666666667,12.6791666666667,0.669583333333333,950.6,4054.6,20.8666666666667,12.7916666666667,0.308333333333333,2707.4,1509,172.46852266844
"141","Kukkalthorai","The Nilgiris",11.48625,76.82665,4986,4,2006,17,"VP","0.6 m","0.6 m",8250,"Rainfed","Nil","Urea",4000,"76.82665_11.48625",1223.4,23.5041666666667,12.6791666666667,0.669583333333333,950.6,4054.6,20.8666666666667,12.7916666666667,0.308333333333333,2707.4,1499,102.55901673888
"142","Kukkalthorai","The Nilgiris",11.48414,76.8287,5035,6,1991,32,"VP","1.20 m","0.9 m",3700,"Rainfed","Nil","Urea",5000,"76.8287_11.48414",1223.4,23.5041666666667,12.6791666666667,0.669583333333333,950.6,4054.6,20.8666666666667,12.7916666666667,0.308333333333333,2707.4,1513,333.124151728938
"143","Kukkalthorai","The Nilgiris",11.48481,76.8247,4997,2,2005,18,"chinese","0.75 m","0.75 m",5500,"Rainfed","Nil","Urea",3000,"76.8247_11.48481",1223.4,23.5041666666667,12.6791666666667,0.669583333333333,950.6,4054.6,20.8666666666667,12.7916666666667,0.308333333333333,2707.4,1499,154.929081757172
"144","Seegola","The Nilgiris",11.486,76.8305,4916,5,1998,25,"VP","0.9 m","0.6 m",5500,"Rainfed","Nil","Urea",5000,"76.8305_11.486",1223.4,23.5041666666667,12.6791666666667,0.669583333333333,950.6,4054.6,20.8666666666667,12.7916666666667,0.308333333333333,2707.4,1479,331.37484628923
"145","Umarkandi","The Nilgiris",11.28017,76.74316,1605,2,2010,12,"V.P CLONE","0.75 m","0.75 m",5500,"Rainfed","nil","Urea",2500,"76.74316_11.28017",1546.1,23.7041666666667,13.425,0.635416666666667,1732.9,6022.7,21.7458333333333,13.975,0.345833333333333,4227.8,1592,126.740919282992
"146","Porthy","The Nilgiris",11.34383,76.629,2062,3,2010,12,"V.P CLONE","0.75 m","0.75 m",5500,"Rainfed","nil","Urea",3000,"76.629_11.34383",1511.7,21.8625,10.4708333333333,0.6,1792.5,5505.1,19.5791666666667,11.2916666666667,0.3225,4406.7,2039,207.953549588319
"147","Porthy","The Nilgiris",11.345491,76.630001,2061,1,2007,15,"NOT KNOWN","0.75 m","0.75 m",5500,"Rainfed","nil","Urea",4500,"76.630001_11.345491",1511.7,21.8625,10.4708333333333,0.6,1792.5,5505.1,19.5791666666667,11.2916666666667,0.3225,4406.7,2039,39.4185493580564
"148","Nanjanad","The Nilgiris",11.3696,76.6398,2210,2,2003,18,"NOT KNOWN","0.75 m","0.75 m",5500,"Rainfed","nil","Urea",3500,"76.6398_11.3696",1511.7,21.8625,10.4708333333333,0.6,1792.5,5505.1,19.5791666666667,11.2916666666667,0.3225,4406.7,2193,94.905365982143
"149","Nanjanad","The Nilgiris",11.368568,76.6418,2161,2,2000,22,"NOT KNOWN","0.75 m","0.75 m",5500,"Rainfed","nil","Urea",2500,"76.6418_11.368568",1511.7,21.8625,10.4708333333333,0.6,1792.5,5505.1,19.5791666666667,11.2916666666667,0.3225,4406.7,2141,37.0345341473702
"150","Nanjanad","The Nilgiris",11.3682,76.6435,2161,3,2002,20,"NOT KNOWN","0.75 m","0.75 m",5500,"Rainfed","nil","Urea",3200,"76.6435_11.3682",1511.7,21.8625,10.4708333333333,0.6,1792.5,5505.1,19.5791666666667,11.2916666666667,0.3225,4406.7,2137,25.8532632849122
"151","Nanjanad","The Nilgiris",11.3653,76.6439,2118,1.5,2005,17,"V.P CLONE","0.75 m","0.75 m",5500,"Rainfed","nil","Urea",3800,"76.6439_11.3653",1511.7,21.8625,10.4708333333333,0.6,1792.5,5505.1,19.5791666666667,11.2916666666667,0.3225,4406.7,2095,150.795155084731
"152","Nanjanad","The Nilgiris",11.3683,76.6469,2106,1,2003,18,"NOT KNOWN","0.75 m","0.75 m",5500,"Rainfed","nil","Urea",6500,"76.6469_11.3683",1511.7,21.8625,10.4708333333333,0.6,1792.5,5505.1,19.5791666666667,11.2916666666667,0.3225,4406.7,2083,303.063796591388
"153","Nanjanad","The Nilgiris",11.3567,76.646,2092,2,2006,16,"V.P CLONE","0.75 m","0.75 m",5500,"Rainfed","nil","Urea",4500,"76.646_11.3567",1511.7,21.8625,10.4708333333333,0.6,1792.5,5505.1,19.5791666666667,11.2916666666667,0.3225,4406.7,2072,312.290093184945
"154","Nanjanad","The Nilgiris",11.3538,76.6444,2129,1,2005,17,"NOT KNOWN","0.75 m","0.75 m",5500,"Rainfed","nil","Urea",4500,"76.6444_11.3538",1511.7,21.8625,10.4708333333333,0.6,1792.5,5505.1,19.5791666666667,11.2916666666667,0.3225,4406.7,2105,335.694281728146
"155","Nanjanad","The Nilgiris",11.3541,76.6424,2118,0.5,1985,37,"V.P CLONE","0.75 m","0.75 m",5500,"Rainfed","nil","Urea",3000,"76.6424_11.3541",1511.7,21.8625,10.4708333333333,0.6,1792.5,5505.1,19.5791666666667,11.2916666666667,0.3225,4406.7,2095,42.8830399124734
"156","Nanjanad","The Nilgiris",11.3548,76.6407,2108,3,2005,17,"V.P CLONE","0.75 m","0.75 m",5500,"Rainfed","nil","Urea",3000,"76.6407_11.3548",1511.7,21.8625,10.4708333333333,0.6,1792.5,5505.1,19.5791666666667,11.2916666666667,0.3225,4406.7,2087,290.788199741706
"157","Nanjanad","The Nilgiris",11.3569,76.6398,2123,2.5,2000,22,"NOT KNOWN","0.75 m","0.75 m",5500,"Rainfed","nil","Urea",3700,"76.6398_11.3569",1511.7,21.8625,10.4708333333333,0.6,1792.5,5505.1,19.5791666666667,11.2916666666667,0.3225,4406.7,2095,225.374071267495
"158","Nanjanad","The Nilgiris",11.3618,76.6389,2127,2,1990,32,"NOT KNOWN","0.75 m","0.75 m",5500,"Rainfed","nil","Urea",3000,"76.6389_11.3618",1511.7,21.8625,10.4708333333333,0.6,1792.5,5505.1,19.5791666666667,11.2916666666667,0.3225,4406.7,2110,14.6024923177778
"159","Nanjanad","The Nilgiris",11.3648,76.6364,2156,2,1985,35,"V.P CLONE","0.75 m","0.75 m",5500,"Rainfed","nil","Urea",3500,"76.6364_11.3648",1511.7,21.8625,10.4708333333333,0.6,1792.5,5505.1,19.5791666666667,11.2916666666667,0.3225,4406.7,2137,128.193515637247
"160","Nanjanad","The Nilgiris",11.3761,76.6497,2109,2,2008,14,"V.P CLONE","0.75 m","0.75 m",5500,"Rainfed","nil","Urea",2500,"76.6497_11.3761",1449.5,21.475,9.67916666666667,0.583333333333333,1620.1,5216.5,19.0291666666667,10.5041666666667,0.300416666666667,4113.6,2084,195.838600696759
"161","Nanjanad","The Nilgiris",11.375,76.6468,2109,1.5,2005,17,"V.P CLONE","0.75 m","0.75 m",5500,"Rainfed","nil","Urea",3200,"76.6468_11.375",1511.7,21.8625,10.4708333333333,0.6,1792.5,5505.1,19.5791666666667,11.2916666666667,0.3225,4406.7,2086,158.447006808821
"162","Nanjanad","The Nilgiris",11.379,76.6519,2088,2,1985,35,"V.P CLONE","0.75 m","0.75 m",5500,"Rainfed","nil","Urea",3000,"76.6519_11.379",1449.5,21.475,9.67916666666667,0.583333333333333,1620.1,5216.5,19.0291666666667,10.5041666666667,0.300416666666667,4113.6,2055,199.100504860819
"163","Seegola","Nilgiris ",11.48445,76.82694,4941,1,1992,30,"UPASI","1.20 m","0.75 m",4500,"Rainfed","Nil","Urea",3200,"76.82694_11.48445",1223.4,23.5041666666667,12.6791666666667,0.669583333333333,950.6,4054.6,20.8666666666667,12.7916666666667,0.308333333333333,2707.4,1485,343.848997329935
"164","Kurumudi","Nilgiris ",11.4755,76.8274,1624,2,1987,35,"UPASI","0.75 m","0.75 m",5500,"Rainfed","Nil","Urea",6000,"76.8274_11.4755",1223.4,23.5041666666667,12.6791666666667,0.669583333333333,950.6,4054.6,20.8666666666667,12.7916666666667,0.308333333333333,2707.4,1600,81.2155676021856
"165","Kurumudi","Nilgiris ",11.4757,76.8562,1630,0.75,2012,10,"kottathur","0.75 m","0.75 m",5500,"Rainfed","Nil","Urea",5600,"76.8562_11.4757",1189.6,23.0541666666667,12.1708333333333,0.635,919.1,3708.9,20.55,12.4166666666667,0.30125,2471.5,1973,273.892537340882
"166","Kurumudi","Nilgiris ",11.4767,76.8244,1598,1.5,2013,9,"UPASI","0.75 m","0.75 m",5500,"Rainfed","Nil",NA,3200,"76.8244_11.4767",1223.4,23.5041666666667,12.6791666666667,0.669583333333333,950.6,4054.6,20.8666666666667,12.7916666666667,0.308333333333333,2707.4,1578,346.004811532448
"167","Kurumudi","Nilgiris ",11.4768,76.8229,1570,2,2002,20,"UPASI","0.6 m","0.6 m",8250,"Rainfed","Nil","Urea",4000,"76.8229_11.4768",1223.4,23.5041666666667,12.6791666666667,0.669583333333333,950.6,4054.6,20.8666666666667,12.7916666666667,0.308333333333333,2707.4,1544,289.887955701888
"168","Bygamanthu","Nilgiris ",11.3867,76.8935,1480,2,1987,35,"UPASI","0.6 m","0.6 m",8250,"Rainfed","Nil",NA,3000,"76.8935_11.3867",1231.3,24.55,13.9208333333333,0.710416666666667,895.8,3972.2,22.35,14.2708333333333,0.380416666666667,2440.6,1458,213.621714162551
"169","Bygamanthu","Nilgiris ",11.3857,76.8934,1450,4,1993,29,"UPASI","0.9 m","0.6 m",5500,"Rainfed","Nil","Urea",8000,"76.8934_11.3857",1231.3,24.55,13.9208333333333,0.710416666666667,895.8,3972.2,22.35,14.2708333333333,0.380416666666667,2440.6,1428,212.345218784228
"170","Bygamanthu","Nilgiris ",11.3838,76.8944,1428,1.5,2003,19,"UPASI","0.6 m","0.6 m",8250,"Rainfed","Nil","Urea",5000,"76.8944_11.3838",1231.3,24.55,13.9208333333333,0.710416666666667,895.8,3972.2,22.35,14.2708333333333,0.380416666666667,2440.6,1407,164.231477946757
"171","Thambatty","Nilgiris ",11.3579,76.6932,7196,2,1973,49,"Chinese","0.9 m","0.6 m",5500,"Rainfed","Nil","Urea",8000,"76.6932_11.3579",1432.1,21.7458333333333,10.275,0.594166666666667,1612.4,5027,19.6083333333333,11.2291666666667,0.33125,4112.5,2163,165.583302360834
"172","Thambatty","Nilgiris ",11.3568,76.68869,7125,1,1978,44,"UPASI","1.20 m","0.75 m",4500,"Rainfed","Nil","Urea",8000,"76.68869_11.3568",1432.1,21.7458333333333,10.275,0.594166666666667,1612.4,5027,19.6083333333333,11.2291666666667,0.33125,4112.5,2142,178.549090396097
"173","Thambatty","Nilgiris ",11.3434,76.69569,6805,1,2003,19,"UPASI","0.6 m","0.6 m",8250,"Rainfed","Nil","Urea",6000,"76.69569_11.3434",1432.1,21.7458333333333,10.275,0.594166666666667,1612.4,5027,19.6083333333333,11.2291666666667,0.33125,4112.5,2045,195.614325215527
"174","Kurumudi","Nilgiris ",11.4757,76.8227,1583,1.5,2003,19,"UPASI","0.9 m","0.6 m",5500,"Rainfed","Nil","Urea",4800,"76.8227_11.4757",1223.4,23.5041666666667,12.6791666666667,0.669583333333333,950.6,4054.6,20.8666666666667,12.7916666666667,0.308333333333333,2707.4,1563,314.61392598618
"175","Kurumudi","Nilgiris ",11.4788,76.8244,1548,3,1998,24,"UPASI","0.75 m","0.9 m",4500,"Rainfed","Nil",NA,3200,"76.8244_11.4788",1223.4,23.5041666666667,12.6791666666667,0.669583333333333,950.6,4054.6,20.8666666666667,12.7916666666667,0.308333333333333,2707.4,1526,11.4594745956893
"176","Kurumudi","Nilgiris ",11.4802,76.8282,1534,1.5,1973,49,"UPASI","0.9 m","0.6 m",5500,"Rainfed","Nil","Urea",4000,"76.8282_11.4802",1223.4,23.5041666666667,12.6791666666667,0.669583333333333,950.6,4054.6,20.8666666666667,12.7916666666667,0.308333333333333,2707.4,1513,29.0669010862085
"177","Kurumudi","Nilgiris ",11.4789,76.8288,1542,2,1998,24,"UPASI","0.75 m","0.75 m",5500,"Irrigation","7","Urea",3200,"76.8288_11.4789",1223.4,23.5041666666667,12.6791666666667,0.669583333333333,950.6,4054.6,20.8666666666667,12.7916666666667,0.308333333333333,2707.4,1524,50.1442717476805
"178","Kurumudi","Nilgiris ",11.4742,76.8298,1649,1.5,1983,39,"UPASI","0.75 m","0.75 m",5500,"Irrigation","5",NA,3200,"76.8298_11.4742",1223.4,23.5041666666667,12.6791666666667,0.669583333333333,950.6,4054.6,20.8666666666667,12.7916666666667,0.308333333333333,2707.4,1630,336.712143289474
"179","Kurumudi","Nilgiris ",11.4773,76.8298,1537,0.5,1968,54,"UPASI","0.6 m","0.6 m",8250,"Rainfed","Nil","Urea",3200,"76.8298_11.4773",1223.4,23.5041666666667,12.6791666666667,0.669583333333333,950.6,4054.6,20.8666666666667,12.7916666666667,0.308333333333333,2707.4,1518,58.9130698271298
"180","Kurumudi","Nilgiris ",11.4759,76.8286,1588,2.5,2013,9,"UPASI","1.20 m","0.75 m",4500,"Rainfed","Nil","Urea",6000,"76.8286_11.4759",1223.4,23.5041666666667,12.6791666666667,0.669583333333333,950.6,4054.6,20.8666666666667,12.7916666666667,0.308333333333333,2707.4,1571,28.6242758889602
"181","Bygamanthu","Nilgiris ",11.384,76.8933,1430,1.5,1993,29,"UPASI","0.9 m","0.6 m",5500,"Rainfed","Nil",NA,2400,"76.8933_11.384",1231.3,24.55,13.9208333333333,0.710416666666667,895.8,3972.2,22.35,14.2708333333333,0.380416666666667,2440.6,1402,197.515651768956
"182","Thambatty","Nilgiris ",11.34482,76.7024,6728,5,1993,29,"UPASI","0.6 m","0.6 m",8250,"Rainfed","Nil","Urea",4800,"76.7024_11.34482",1432.1,21.7458333333333,10.275,0.594166666666667,1612.4,5027,19.6083333333333,11.2291666666667,0.33125,4112.5,2031,303.346761778673
"183","Thambatty","Nilgiris ",11.34654,76.7028,6678,1.5,2008,14,"UPASI","0.6 m","0.6 m",8250,"Rainfed","Nil","Urea",4400,"76.7028_11.34654",1432.1,21.7458333333333,10.275,0.594166666666667,1612.4,5027,19.6083333333333,11.2291666666667,0.33125,4112.5,2012,1.18445897375116
"184","Thambatty","Nilgiris ",11.3542,76.7018,6620,2,1998,24,"UPASI","0.9 m","0.6 m",5500,"Rainfed","Nil",NA,3200,"76.7018_11.3542",1432.1,21.7458333333333,10.275,0.594166666666667,1612.4,5027,19.6083333333333,11.2291666666667,0.33125,4112.5,1991,205.490349299744
